7,33,37,632
x,y,z
0.34118,-0.691569,1.445
0.344171,-0.689689,1.441
0.345932,-0.685416,1.432
0.34334,-0.6999,1.454
0.3454,-0.696085,1.446
0.347176,-0.691789,1.437
0.343376,-0.703927,1.454
0.344481,-0.698154,1.442
0.34673,-0.694803,1.435
0.341051,-0.703089,1.444
0.343563,-0.700205,1.438
0.345802,-0.696835,1.431
0.34727,-0.692004,1.421
0.339199,-0.703177,1.436
0.343124,-0.703216,1.436
0.345358,-0.699828,1.429
0.347066,-0.69546,1.42
0.349714,-0.693053,1.415
0.192005,-0.697368,1.418
0.19669,-0.700333,1.424
0.199436,-0.696414,1.416
0.339002,-0.706672,1.435
0.344359,-0.709667,1.441
0.347091,-0.707245,1.436
0.349552,-0.704332,1.43
0.351239,-0.699942,1.421
0.353878,-0.697522,1.416
0.195134,-0.712648,1.441
0.197948,-0.708707,1.433
0.199311,-0.699821,1.415
0.310899,-0.700035,1.414
0.34235,-0.717593,1.449
0.34679,-0.718625,1.451
0.348825,-0.714706,1.443
0.350328,-0.709796,1.433
0.352272,-0.705878,1.425
0.354923,-0.703446,1.42
0.356789,-0.699528,1.412
0.197452,-0.725075,1.458
0.199346,-0.717631,1.443
0.200031,-0.706209,1.42
0.201597,-0.698269,1.404
0.305769,-0.700938,1.408
0.312913,-0.708442,1.423
0.327686,-0.698674,1.403
0.344282,-0.725608,1.457
0.34755,-0.724157,1.454
0.349594,-0.720216,1.446
0.351351,-0.715778,1.437
0.353059,-0.711341,1.428
0.355219,-0.7079,1.421
0.357089,-0.703962,1.413
0.358661,-0.699526,1.404
0.195166,-0.720596,1.441
0.200192,-0.724613,1.449
0.200894,-0.713129,1.426
0.202476,-0.705145,1.41
0.204704,-0.699662,1.399
0.300887,-0.702311,1.403
0.307542,-0.708855,1.416
0.346452,-0.734171,1.466
0.349029,-0.731211,1.46
0.350123,-0.725246,1.448
0.351641,-0.720284,1.438
0.3536,-0.716324,1.43
0.355766,-0.712865,1.423
0.358148,-0.709908,1.417
0.359987,-0.705949,1.409
0.3623,-0.702993,1.403
0.36432,-0.699537,1.396
0.198569,-0.737145,1.466
0.200762,-0.730626,1.453
0.20232,-0.722096,1.436
0.203787,-0.713566,1.419
0.206039,-0.708053,1.408
0.208381,-0.703043,1.398
0.29117,-0.701108,1.393
0.296668,-0.705169,1.401
0.302639,-0.710238,1.411
0.3091,-0.716316,1.423
0.346261,-0.737753,1.465
0.348836,-0.734777,1.459
0.350653,-0.730291,1.45
0.352666,-0.72631,1.442
0.354143,-0.721321,1.432
0.356065,-0.717341,1.424
0.358198,-0.713864,1.417
0.360804,-0.711396,1.412
0.363126,-0.708425,1.406
0.365155,-0.704951,1.399
0.366619,-0.700469,1.39
0.201747,-0.738181,1.46
0.203044,-0.728594,1.441
0.204237,-0.719006,1.422
0.206644,-0.713969,1.412
0.208699,-0.707922,1.4
0.29225,-0.707512,1.398
0.297762,-0.711597,1.406
0.303963,-0.717201,1.417
0.310442,-0.723313,1.429
0.343934,-0.745337,1.472
0.346307,-0.741839,1.465
0.349361,-0.739861,1.461
0.351668,-0.736365,1.454
0.35296,-0.730843,1.443
0.354192,-0.725321,1.432
0.355365,-0.7198,1.421
0.357996,-0.717319,1.416
0.36009,-0.713825,1.409
0.363437,-0.712865,1.407
0.365209,-0.708866,1.399
0.367202,-0.705374,1.392
0.202181,-0.743745,1.463
0.203768,-0.735122,1.446
0.204831,-0.724975,1.426
0.206811,-0.718386,1.413
0.209018,-0.712814,1.402
0.211621,-0.708768,1.394
0.281596,-0.703699,1.383
0.287229,-0.708314,1.392
0.293122,-0.713438,1.402
0.298859,-0.718056,1.411
0.304859,-0.723183,1.421
0.312002,-0.730857,1.436
0.342812,-0.7469,1.467
0.345409,-0.743893,1.461
0.348931,-0.742923,1.459
0.351718,-0.740427,1.454
0.353255,-0.735385,1.444
0.35449,-0.729834,1.433
0.355417,-0.723774,1.421
0.358049,-0.72128,1.416
0.360143,-0.717768,1.409
0.362459,-0.714767,1.403
0.364481,-0.711256,1.396
0.366731,-0.708255,1.39
0.368415,-0.704236,1.382
0.198625,-0.749309,1.466
0.202063,-0.747284,1.462
0.203929,-0.739638,1.447
0.205426,-0.730969,1.43
0.206978,-0.722811,1.414
0.209785,-0.719255,1.407
0.212098,-0.714165,1.397
0.214049,-0.708053,1.385
0.273087,-0.704922,1.378
0.277653,-0.707003,1.382
0.282445,-0.709596,1.387
0.287472,-0.712702,1.393
0.29295,-0.716833,1.401
0.299321,-0.723011,1.413
0.305972,-0.729703,1.426
0.334446,-0.73257,1.431
0.346404,-0.750024,1.465
0.349938,-0.749051,1.463
0.352736,-0.746542,1.458
0.35453,-0.741986,1.449
0.355285,-0.735381,1.436
0.356721,-0.730314,1.426
0.358862,-0.726783,1.419
0.360198,-0.721716,1.409
0.362256,-0.718187,1.402
0.364277,-0.714658,1.395
0.366788,-0.712154,1.39
0.369007,-0.709139,1.384
0.370924,-0.705612,1.377
0.437694,-0.704359,1.372
0.444391,-0.709067,1.381
0.198239,-0.751829,1.463
0.202222,-0.75185,1.463
0.204373,-0.74519,1.45
0.206166,-0.737503,1.435
0.207585,-0.728788,1.418
0.210105,-0.724185,1.409
0.212728,-0.720096,1.401
0.214845,-0.714465,1.39
0.216902,-0.708835,1.379
0.272923,-0.708246,1.377
0.278492,-0.712911,1.386
0.283296,-0.715519,1.391
0.288335,-0.718643,1.397
0.294035,-0.723312,1.406
0.301267,-0.731583,1.422
0.308374,-0.739342,1.437
0.34811,-0.757726,1.472
0.350707,-0.75469,1.466
0.353273,-0.751653,1.46
0.356051,-0.749133,1.455
0.357071,-0.743009,1.443
0.358777,-0.73843,1.434
0.360435,-0.733851,1.425
0.361277,-0.727728,1.413
0.36283,-0.723151,1.404
0.364335,-0.718574,1.395
0.36632,-0.715027,1.388
0.369334,-0.713542,1.385
0.372063,-0.711543,1.381
0.375044,-0.71006,1.378
0.435562,-0.710739,1.377
0.441291,-0.713924,1.383
0.449952,-0.721758,1.398
0.202658,-0.757458,1.466
0.205241,-0.752313,1.456
0.207194,-0.745102,1.442
0.208194,-0.73479,1.422
0.210427,-0.729129,1.411
0.212904,-0.724503,1.402
0.215333,-0.719876,1.393
0.217555,-0.714733,1.383
0.220044,-0.710624,1.375
0.260728,-0.709396,1.372
0.264089,-0.708396,1.37
0.269198,-0.71205,1.377
0.273553,-0.713637,1.38
0.279132,-0.718328,1.389
0.283741,-0.720435,1.393
0.289612,-0.725645,1.403
0.296166,-0.732409,1.416
0.304699,-0.74383,1.438
0.312065,-0.75215,1.454
0.349108,-0.763919,1.476
0.351717,-0.760867,1.47
0.354295,-0.757816,1.464
0.35684,-0.754765,1.458
0.358364,-0.749645,1.448
0.360085,-0.745042,1.439
0.36201,-0.740958,1.431
0.363381,-0.735839,1.421
0.365216,-0.731755,1.413
0.365962,-0.725601,1.401
0.3677,-0.721519,1.393
0.370196,-0.718991,1.388
0.373204,-0.717501,1.385
0.376197,-0.716011,1.382
0.3778,-0.711932,1.374
0.380194,-0.709408,1.369
0.383684,-0.708957,1.368
0.386886,-0.70799,1.366
0.417353,-0.709114,1.367
0.42175,-0.710234,1.369
0.425538,-0.710318,1.369
0.430895,-0.712999,1.374
0.439447,-0.720871,1.389
0.447764,-0.728228,1.403
0.204893,-0.769839,1.482
0.206955,-0.76259,1.468
0.20808,-0.752224,1.448
0.209389,-0.742897,1.43
0.211346,-0.736167,1.417
0.213992,-0.732036,1.409
0.216131,-0.726346,1.398
0.218525,-0.721695,1.389
0.221031,-0.717565,1.381
0.223981,-0.714994,1.376
0.227071,-0.712943,1.372
0.230644,-0.712451,1.371
0.234896,-0.714039,1.374
0.237601,-0.71095,1.368
0.252164,-0.710036,1.366
0.255705,-0.709549,1.365
0.260572,-0.712702,1.371
0.264316,-0.712737,1.371
0.270016,-0.717972,1.381
0.274185,-0.719049,1.383
0.280576,-0.725846,1.396
0.285614,-0.729005,1.402
0.292955,-0.737885,1.419
0.300391,-0.746767,1.436
0.308132,-0.756171,1.454
0.347269,-0.763894,1.468
0.351054,-0.763429,1.467
0.354108,-0.761403,1.463
0.356652,-0.758337,1.457
0.359412,-0.755792,1.452
0.361645,-0.752207,1.445
0.363334,-0.747582,1.436
0.364976,-0.742957,1.427
0.366311,-0.737812,1.417
0.366808,-0.731105,1.404
0.368027,-0.72596,1.394
0.37106,-0.724462,1.391
0.374617,-0.724006,1.39
0.377625,-0.72251,1.387
0.379242,-0.71841,1.379
0.381095,-0.714831,1.372
0.384594,-0.71438,1.371
0.38724,-0.712367,1.367
0.390722,-0.711918,1.366
0.393335,-0.709907,1.362
0.397093,-0.709982,1.362
0.411537,-0.709253,1.36
0.418352,-0.714551,1.37
0.423375,-0.716722,1.374
0.427178,-0.716809,1.374
0.433806,-0.721593,1.383
0.442069,-0.728989,1.397
0.451369,-0.737954,1.414
0.205884,-0.777613,1.489
0.207825,-0.769804,1.474
0.209254,-0.760427,1.456
0.210292,-0.750007,1.436
0.212266,-0.743242,1.423
0.214321,-0.737,1.411
0.216466,-0.731281,1.4
0.218394,-0.725039,1.388
0.221378,-0.722454,1.383
0.224009,-0.718825,1.376
0.227596,-0.718331,1.375
0.230841,-0.716793,1.372
0.234755,-0.717345,1.373
0.237979,-0.715808,1.37
0.241364,-0.714794,1.368
0.244919,-0.714304,1.367
0.249195,-0.715904,1.37
0.253489,-0.717505,1.373
0.256676,-0.715972,1.37
0.260797,-0.717052,1.372
0.264545,-0.717088,1.372
0.270639,-0.723397,1.384
0.275611,-0.726572,1.39
0.282827,-0.735497,1.407
0.288506,-0.740243,1.416
0.295062,-0.747081,1.429
0.301689,-0.753921,1.442
0.308601,-0.761285,1.456
0.347088,-0.767492,1.467
0.350871,-0.767025,1.466
0.353439,-0.763942,1.46
0.356221,-0.761384,1.455
0.358728,-0.758304,1.449
0.362205,-0.757317,1.447
0.364661,-0.754238,1.441
0.365549,-0.748019,1.429
0.365856,-0.740754,1.415
0.366087,-0.733488,1.401
0.367827,-0.729364,1.393
0.371125,-0.728382,1.391
0.374414,-0.727402,1.389
0.37742,-0.725899,1.386
0.380411,-0.724397,1.383
0.38311,-0.722372,1.379
0.386349,-0.721396,1.377
0.387879,-0.717278,1.369
0.391368,-0.716828,1.368
0.39341,-0.713759,1.362
0.398044,-0.715408,1.365
0.400342,-0.712865,1.36
0.403208,-0.711372,1.357
0.406359,-0.710405,1.355
0.41283,-0.715206,1.364
0.419963,-0.721059,1.375
0.423769,-0.721146,1.375
0.429443,-0.724382,1.381
0.436721,-0.730243,1.392
0.447543,-0.741879,1.414
0.205217,-0.77913,1.484
0.20785,-0.773905,1.474
0.210285,-0.768155,1.463
0.212514,-0.76188,1.451
0.21438,-0.754555,1.437
0.214955,-0.74303,1.415
0.216957,-0.736755,1.403
0.219051,-0.731006,1.392
0.222366,-0.729459,1.389
0.224851,-0.725286,1.381
0.228122,-0.72374,1.378
0.231544,-0.72272,1.376
0.235127,-0.722225,1.375
0.238705,-0.721731,1.374
0.242455,-0.721764,1.374
0.246564,-0.722847,1.376
0.250684,-0.723932,1.378
0.254632,-0.724492,1.379
0.25821,-0.724002,1.378
0.261594,-0.722988,1.376
0.26516,-0.7225,1.375
0.270482,-0.726742,1.383
0.276047,-0.73151,1.392
0.283671,-0.741536,1.411
0.289975,-0.747885,1.423
0.296757,-0.755286,1.437
0.30278,-0.760587,1.447
0.350689,-0.770619,1.465
0.353498,-0.768048,1.46
0.356525,-0.766003,1.456
0.359036,-0.762907,1.45
0.362768,-0.762443,1.449
0.36523,-0.759349,1.443
0.366636,-0.754151,1.433
0.36592,-0.744742,1.415
0.366936,-0.739017,1.404
0.369213,-0.735926,1.398
0.372526,-0.73494,1.396
0.37583,-0.733956,1.394
0.378851,-0.732446,1.391
0.381583,-0.730411,1.387
0.383182,-0.72627,1.379
0.385861,-0.724237,1.375
0.388803,-0.722731,1.372
0.392016,-0.721754,1.37
0.394931,-0.72025,1.367
0.398414,-0.719802,1.366
0.401894,-0.719356,1.365
0.405667,-0.719437,1.365
0.409141,-0.718993,1.364
0.415942,-0.72435,1.374
0.421883,-0.728128,1.381
0.426941,-0.730326,1.385
0.432022,-0.732527,1.389
0.43901,-0.737895,1.399
0.450488,-0.75065,1.423
0.207178,-0.790651,1.498
0.208722,-0.781177,1.48
0.210024,-0.771174,1.461
0.212834,-0.766978,1.453
0.215302,-0.761727,1.443
0.216805,-0.753309,1.427
0.218376,-0.745418,1.412
0.220495,-0.73964,1.401
0.223516,-0.737029,1.396
0.225695,-0.731779,1.386
0.229311,-0.731282,1.385
0.231911,-0.727617,1.378
0.235501,-0.72712,1.377
0.239085,-0.726625,1.376
0.242841,-0.726658,1.376
0.246777,-0.727221,1.377
0.250537,-0.727255,1.377
0.254852,-0.728876,1.38
0.258247,-0.727856,1.378
0.261821,-0.727365,1.377
0.26597,-0.72846,1.379
0.271304,-0.732726,1.387
0.277079,-0.738049,1.397
0.284317,-0.747073,1.414
0.290629,-0.753456,1.426
0.297008,-0.759842,1.438
0.303245,-0.7657,1.449
0.353621,-0.781088,1.477
0.355737,-0.776918,1.469
0.357566,-0.772219,1.46
0.359346,-0.767521,1.451
0.36208,-0.76494,1.446
0.365294,-0.763417,1.443
0.367469,-0.75978,1.436
0.367797,-0.752439,1.422
0.369355,-0.747744,1.413
0.372187,-0.745695,1.409
0.374997,-0.743648,1.405
0.377248,-0.740543,1.399
0.380012,-0.738497,1.395
0.382481,-0.735923,1.39
0.383811,-0.731232,1.381
0.385936,-0.72813,1.375
0.390013,-0.728736,1.376
0.394384,-0.729874,1.378
0.397611,-0.728894,1.376
0.400245,-0.726856,1.372
0.403448,-0.725879,1.37
0.407831,-0.727022,1.372
0.411326,-0.726578,1.371
0.416332,-0.728785,1.375
0.422889,-0.733645,1.384
0.429499,-0.738508,1.393
0.435849,-0.742844,1.401
0.443187,-0.748773,1.412
0.207343,-0.795357,1.499
0.208607,-0.784772,1.479
0.209763,-0.774187,1.459
0.213154,-0.772092,1.455
0.216375,-0.769467,1.45
0.219265,-0.765781,1.443
0.220416,-0.756258,1.425
0.221312,-0.746204,1.406
0.224186,-0.74305,1.4
0.227029,-0.739896,1.394
0.230501,-0.738867,1.392
0.233122,-0.735183,1.385
0.236902,-0.735216,1.385
0.239988,-0.733126,1.381
0.243052,-0.731037,1.377
0.246275,-0.72948,1.374
0.250027,-0.729516,1.374
0.254889,-0.732738,1.38
0.258097,-0.731183,1.377
0.262811,-0.733877,1.382
0.267167,-0.73551,1.385
0.272909,-0.740861,1.395
0.278112,-0.744621,1.402
0.284963,-0.752631,1.417
0.291693,-0.760112,1.431
0.298707,-0.768126,1.446
0.305385,-0.775079,1.459
0.359668,-0.79854,1.502
0.358706,-0.787438,1.481
0.359588,-0.78059,1.468
0.360401,-0.773741,1.455
0.362395,-0.769552,1.447
0.365613,-0.768023,1.444
0.36856,-0.765963,1.44
0.371486,-0.763904,1.436
0.373607,-0.760249,1.429
0.37622,-0.75766,1.424
0.377738,-0.752943,1.415
0.379748,-0.749291,1.408
0.381721,-0.74564,1.401
0.384207,-0.743054,1.396
0.385555,-0.738339,1.387
0.387978,-0.735755,1.382
0.391509,-0.735301,1.381
0.395608,-0.735914,1.382
0.399137,-0.735463,1.381
0.401495,-0.732883,1.376
0.405594,-0.733501,1.377
0.409403,-0.733587,1.377
0.412614,-0.732609,1.375
0.417027,-0.733764,1.377
0.424509,-0.740251,1.389
0.433293,-0.748873,1.405
0.440612,-0.754833,1.416
0.206132,-0.810714,1.52
0.207923,-0.801674,1.503
0.209481,-0.7921,1.485
0.210941,-0.782527,1.467
0.213183,-0.776155,1.455
0.216404,-0.773517,1.45
0.219751,-0.771412,1.446
0.221374,-0.763441,1.431
0.222287,-0.753335,1.412
0.224698,-0.748564,1.403
0.227549,-0.745395,1.397
0.230699,-0.743293,1.393
0.233323,-0.739591,1.386
0.23762,-0.741226,1.389
0.24037,-0.738059,1.383
0.243617,-0.736493,1.38
0.246311,-0.733327,1.374
0.25061,-0.734966,1.377
0.254742,-0.736071,1.379
0.258136,-0.735042,1.377
0.263041,-0.738285,1.383
0.267786,-0.740995,1.388
0.274125,-0.747978,1.401
0.279346,-0.751758,1.408
0.285812,-0.758744,1.421
0.292351,-0.765732,1.434
0.299374,-0.773789,1.449
0.359253,-0.801708,1.5
0.360223,-0.794824,1.487
0.359408,-0.784199,1.467
0.360714,-0.778385,1.456
0.362712,-0.774174,1.448
0.365681,-0.772104,1.444
0.368117,-0.768965,1.438
0.371297,-0.76743,1.435
0.373155,-0.763223,1.427
0.375499,-0.760087,1.421
0.376743,-0.754811,1.411
0.379013,-0.751676,1.405
0.380979,-0.748006,1.398
0.384008,-0.746478,1.395
0.387579,-0.746021,1.394
0.389741,-0.742889,1.388
0.39244,-0.740829,1.384
0.396549,-0.741446,1.385
0.400088,-0.740995,1.384
0.402747,-0.738938,1.38
0.405681,-0.737419,1.377
0.409789,-0.738042,1.378
0.414504,-0.739739,1.381
0.419542,-0.741974,1.385
0.427354,-0.749033,1.398
0.435241,-0.756096,1.411
0.444135,-0.76477,1.427
0.20955,-0.828362,1.545
0.209611,-0.812306,1.515
0.211343,-0.80322,1.498
0.213127,-0.79467,1.482
0.214384,-0.784511,1.463
0.216583,-0.778107,1.451
0.219325,-0.773847,1.443
0.221715,-0.768516,1.433
0.22342,-0.761039,1.419
0.225691,-0.755708,1.409
0.22807,-0.750914,1.4
0.230733,-0.747193,1.393
0.234031,-0.745618,1.39
0.238168,-0.746726,1.392
0.241101,-0.74408,1.387
0.244183,-0.741971,1.383
0.247603,-0.740935,1.381
0.251922,-0.742583,1.384
0.255705,-0.742622,1.384
0.259488,-0.742662,1.384
0.264223,-0.745387,1.389
0.268986,-0.748112,1.394
0.27456,-0.752986,1.403
0.280184,-0.757861,1.412
0.28606,-0.763274,1.422
0.292806,-0.770837,1.436
0.29963,-0.778401,1.45
0.362672,-0.813466,1.514
0.360047,-0.798488,1.486
0.3607,-0.791032,1.472
0.361525,-0.784114,1.459
0.364284,-0.781495,1.454
0.366257,-0.777265,1.446
0.368956,-0.774648,1.441
0.371887,-0.77257,1.437
0.374013,-0.76888,1.43
0.375309,-0.763577,1.42
0.376818,-0.758812,1.411
0.379089,-0.755662,1.405
0.381873,-0.753588,1.401
0.385738,-0.753667,1.401
0.389605,-0.753747,1.401
0.39235,-0.751677,1.397
0.394224,-0.747993,1.39
0.396633,-0.745387,1.385
0.399884,-0.744396,1.383
0.402834,-0.742868,1.38
0.406653,-0.742957,1.38
0.410474,-0.743047,1.38
0.416097,-0.74637,1.386
0.422362,-0.750773,1.394
0.429897,-0.757333,1.406
0.438425,-0.765513,1.421
0.211301,-0.82301,1.527
0.212925,-0.813338,1.509
0.215027,-0.805823,1.495
0.215294,-0.791839,1.469
0.216764,-0.782707,1.452
0.219053,-0.776809,1.441
0.221902,-0.773067,1.434
0.225185,-0.770944,1.43
0.227166,-0.764508,1.418
0.228267,-0.755376,1.401
0.230601,-0.750558,1.392
0.234066,-0.749515,1.39
0.238718,-0.752248,1.395
0.241138,-0.747971,1.387
0.245104,-0.748548,1.388
0.248896,-0.748586,1.388
0.254329,-0.75348,1.397
0.257223,-0.750824,1.392
0.261592,-0.752484,1.395
0.265597,-0.753066,1.396
0.27038,-0.755807,1.401
0.275583,-0.759628,1.408
0.281222,-0.76453,1.417
0.286912,-0.769433,1.426
0.292855,-0.774878,1.436
0.299887,-0.783023,1.451
0.359864,-0.811266,1.502
0.360841,-0.804312,1.489
0.362239,-0.798439,1.478
0.362833,-0.790945,1.464
0.365106,-0.787234,1.457
0.366581,-0.781902,1.447
0.368516,-0.777652,1.439
0.371443,-0.775564,1.435
0.374087,-0.772936,1.43
0.375913,-0.768688,1.422
0.376361,-0.761737,1.409
0.378897,-0.759112,1.404
0.38277,-0.759191,1.404
0.386095,-0.758191,1.402
0.389687,-0.757732,1.401
0.392715,-0.756194,1.398
0.39601,-0.755197,1.396
0.399011,-0.75366,1.393
0.401996,-0.752125,1.39
0.404967,-0.750592,1.387
0.408807,-0.750683,1.387
0.413243,-0.751858,1.389
0.419495,-0.756284,1.397
0.426399,-0.761795,1.407
0.432443,-0.765685,1.414
0.439762,-0.771744,1.425
0.209067,-0.834839,1.541
0.210224,-0.82295,1.519
0.212674,-0.81648,1.507
0.214483,-0.807843,1.491
0.215912,-0.798122,1.473
0.217094,-0.787859,1.454
0.219694,-0.783015,1.445
0.222244,-0.778171,1.436
0.225534,-0.776037,1.432
0.227841,-0.770653,1.422
0.22928,-0.762559,1.407
0.2313,-0.756632,1.396
0.234776,-0.755585,1.394
0.238755,-0.756164,1.395
0.242393,-0.75566,1.394
0.246379,-0.756242,1.395
0.25055,-0.757366,1.397
0.254734,-0.758491,1.399
0.258374,-0.757991,1.398
0.262572,-0.759118,1.4
0.266973,-0.760789,1.403
0.271583,-0.763003,1.407
0.276217,-0.765218,1.411
0.282064,-0.770689,1.421
0.288168,-0.776704,1.432
0.294537,-0.783264,1.444
0.302006,-0.792537,1.461
0.358735,-0.812803,1.497
0.362123,-0.811244,1.494
0.36427,-0.806971,1.486
0.364391,-0.798353,1.47
0.36618,-0.793538,1.461
0.367415,-0.787637,1.45
0.369614,-0.783909,1.443
0.372554,-0.781811,1.439
0.376257,-0.781345,1.438
0.37837,-0.77762,1.431
0.378843,-0.770635,1.418
0.380866,-0.76691,1.411
0.383942,-0.765361,1.408
0.387554,-0.764901,1.407
0.39005,-0.762267,1.402
0.393643,-0.761809,1.401
0.397516,-0.761896,1.401
0.401391,-0.761985,1.401
0.406425,-0.764252,1.405
0.40827,-0.760536,1.398
0.413027,-0.762262,1.401
0.417504,-0.763446,1.403
0.423797,-0.767898,1.411
0.430136,-0.772352,1.419
0.435298,-0.774632,1.423
0.442336,-0.780181,1.433
0.446317,-0.780289,1.433
0.205027,-0.82282,1.511
0.20984,-0.825574,1.516
0.212988,-0.821794,1.509
0.215378,-0.815291,1.497
0.216971,-0.806065,1.48
0.218322,-0.796295,1.462
0.220944,-0.791426,1.453
0.222743,-0.783835,1.439
0.225412,-0.779513,1.431
0.227396,-0.773011,1.419
0.229805,-0.768145,1.41
0.231833,-0.762189,1.399
0.234813,-0.759502,1.394
0.238622,-0.759541,1.394
0.242954,-0.761214,1.397
0.246949,-0.7618,1.398
0.250233,-0.760206,1.395
0.254229,-0.760793,1.396
0.258232,-0.761381,1.397
0.263179,-0.764696,1.403
0.26835,-0.768556,1.41
0.273367,-0.771873,1.416
0.278222,-0.774647,1.421
0.283502,-0.778512,1.428
0.289627,-0.784559,1.439
0.295813,-0.790609,1.45
0.359524,-0.818684,1.5
0.361467,-0.813843,1.491
0.364342,-0.811186,1.486
0.365704,-0.805255,1.475
0.367007,-0.799324,1.464
0.36825,-0.793394,1.453
0.36969,-0.788009,1.443
0.372372,-0.785356,1.438
0.375813,-0.784343,1.436
0.378715,-0.782238,1.432
0.38026,-0.777403,1.423
0.382028,-0.773115,1.415
0.384843,-0.771013,1.411
0.389292,-0.772191,1.413
0.391527,-0.768998,1.407
0.394011,-0.766353,1.402
0.397889,-0.766443,1.402
0.403488,-0.769814,1.408
0.408254,-0.771548,1.411
0.41187,-0.771096,1.41
0.415187,-0.770099,1.408
0.422365,-0.776214,1.419
0.430807,-0.784522,1.434
0.436606,-0.787909,1.44
0.439686,-0.786373,1.437
0.444914,-0.78867,1.441
0.456707,-0.802465,1.466
0.205736,-0.829795,1.516
0.210841,-0.833659,1.523
0.214291,-0.830955,1.518
0.215987,-0.821683,1.501
0.217591,-0.81241,1.484
0.218804,-0.802043,1.465
0.221282,-0.796603,1.455
0.222933,-0.788426,1.44
0.224975,-0.781892,1.428
0.227433,-0.777,1.419
0.23082,-0.775395,1.416
0.233528,-0.7716,1.409
0.236368,-0.768353,1.403
0.238833,-0.764011,1.395
0.243342,-0.766243,1.399
0.24646,-0.764093,1.395
0.250095,-0.763588,1.394
0.253544,-0.762535,1.392
0.258461,-0.765866,1.398
0.263037,-0.768103,1.402
0.268587,-0.77308,1.411
0.274187,-0.77806,1.42
0.279838,-0.78304,1.429
0.285538,-0.788023,1.438
0.291289,-0.793007,1.447
0.297906,-0.800185,1.46
0.359737,-0.832744,1.518
0.360795,-0.825685,1.505
0.362752,-0.82082,1.496
0.364416,-0.815408,1.486
0.366275,-0.810545,1.477
0.367083,-0.803487,1.464
0.369341,-0.799722,1.457
0.371562,-0.795958,1.45
0.373228,-0.791097,1.441
0.375893,-0.788433,1.436
0.378796,-0.786318,1.432
0.382214,-0.785304,1.43
0.384542,-0.782093,1.424
0.386838,-0.778884,1.418
0.390757,-0.778971,1.418
0.393007,-0.775764,1.412
0.394663,-0.771458,1.404
0.399116,-0.772649,1.406
0.404441,-0.77549,1.411
0.410085,-0.778884,1.417
0.411674,-0.774584,1.409
0.418235,-0.779631,1.418
0.425443,-0.785781,1.429
0.432113,-0.790834,1.438
0.437016,-0.792591,1.441
0.440713,-0.792149,1.44
0.447186,-0.796661,1.448
0.453394,-0.800626,1.455
0.20699,-0.839005,1.525
0.210597,-0.836837,1.521
0.214042,-0.83412,1.516
0.216453,-0.827552,1.504
0.218652,-0.820434,1.491
0.219437,-0.808363,1.469
0.221166,-0.800145,1.454
0.222969,-0.792477,1.44
0.225169,-0.78646,1.429
0.228272,-0.783746,1.424
0.231184,-0.780482,1.418
0.234894,-0.779971,1.417
0.23725,-0.775057,1.408
0.239729,-0.770694,1.4
0.243035,-0.769085,1.397
0.246149,-0.766925,1.393
0.24978,-0.766418,1.392
0.25377,-0.767013,1.393
0.258876,-0.770912,1.4
0.264209,-0.775365,1.408
0.269206,-0.778717,1.414
0.275202,-0.784824,1.425
0.280868,-0.789832,1.434
0.286782,-0.795392,1.444
0.291745,-0.7982,1.449
0.297553,-0.803213,1.458
0.360995,-0.839813,1.523
0.35919,-0.826102,1.498
0.361372,-0.821765,1.49
0.364738,-0.820186,1.487
0.367592,-0.817506,1.482
0.368163,-0.809861,1.468
0.369927,-0.804975,1.459
0.372155,-0.801193,1.452
0.374086,-0.796861,1.444
0.376499,-0.793632,1.438
0.37888,-0.790404,1.432
0.382566,-0.789938,1.431
0.384898,-0.786712,1.425
0.388017,-0.785144,1.422
0.391673,-0.784682,1.421
0.394489,-0.782564,1.417
0.396161,-0.778238,1.409
0.400629,-0.779436,1.411
0.40425,-0.77898,1.41
0.409025,-0.780735,1.413
0.411189,-0.777519,1.407
0.418337,-0.783699,1.418
0.424654,-0.788224,1.426
0.430416,-0.791647,1.432
0.435001,-0.792861,1.434
0.440823,-0.79629,1.44
0.446681,-0.799721,1.446
0.451951,-0.802048,1.45
0.207702,-0.846058,1.53
0.210631,-0.841115,1.521
0.213088,-0.834513,1.509
0.215625,-0.828466,1.498
0.217955,-0.821865,1.486
0.219622,-0.813052,1.47
0.220594,-0.802027,1.45
0.223936,-0.799852,1.446
0.22631,-0.794359,1.436
0.230074,-0.793844,1.435
0.231876,-0.786693,1.422
0.235763,-0.786733,1.422
0.238134,-0.781795,1.413
0.240799,-0.777964,1.406
0.2436,-0.774687,1.4
0.24796,-0.776391,1.403
0.252157,-0.777543,1.405
0.256002,-0.777588,1.405
0.260033,-0.778189,1.406
0.265008,-0.781558,1.412
0.269827,-0.784375,1.417
0.27506,-0.7883,1.424
0.28092,-0.793889,1.434
0.287233,-0.800586,1.446
0.293009,-0.805624,1.455
0.299447,-0.812325,1.467
0.358225,-0.837495,1.511
0.359745,-0.831474,1.5
0.362661,-0.828779,1.495
0.366287,-0.827748,1.493
0.368167,-0.822838,1.484
0.369497,-0.816819,1.473
0.370768,-0.8108,1.462
0.373775,-0.808664,1.458
0.376242,-0.80542,1.452
0.379202,-0.803287,1.448
0.381612,-0.800044,1.442
0.384258,-0.797358,1.437
0.386338,-0.793563,1.43
0.388926,-0.790878,1.425
0.391489,-0.788195,1.42
0.394025,-0.785512,1.415
0.396536,-0.782831,1.41
0.401009,-0.784037,1.412
0.404921,-0.784135,1.412
0.411152,-0.788678,1.42
0.413921,-0.786558,1.416
0.420801,-0.792217,1.426
0.425058,-0.792879,1.427
0.429322,-0.793543,1.428
0.433898,-0.794765,1.43
0.440936,-0.800436,1.44
0.448651,-0.807222,1.452
0.45394,-0.809565,1.456
0.210112,-0.843175,1.517
0.211712,-0.833205,1.499
0.213789,-0.82546,1.485
0.216378,-0.819937,1.475
0.218464,-0.812748,1.462
0.220936,-0.807227,1.452
0.224284,-0.805042,1.448
0.227138,-0.801189,1.441
0.230916,-0.800674,1.44
0.232406,-0.792374,1.425
0.23597,-0.791304,1.423
0.237839,-0.784673,1.411
0.241698,-0.784716,1.411
0.245036,-0.783092,1.408
0.250126,-0.787031,1.415
0.253819,-0.786521,1.414
0.257507,-0.786012,1.413
0.261376,-0.786061,1.413
0.266559,-0.790004,1.42
0.271591,-0.793394,1.426
0.276851,-0.797341,1.433
0.281561,-0.79962,1.437
0.288083,-0.806909,1.45
0.294475,-0.813644,1.462
0.301343,-0.821494,1.476
0.356879,-0.838457,1.505
0.359583,-0.835191,1.499
0.362983,-0.833598,1.496
0.366858,-0.833121,1.495
0.370234,-0.831531,1.492
0.37259,-0.827713,1.485
0.373641,-0.821108,1.473
0.374885,-0.81506,1.462
0.377364,-0.811801,1.456
0.380599,-0.810216,1.453
0.383818,-0.808632,1.45
0.385952,-0.804818,1.443
0.386969,-0.798774,1.432
0.389291,-0.795519,1.426
0.391582,-0.792266,1.42
0.395234,-0.791803,1.419
0.397757,-0.78911,1.414
0.402243,-0.790324,1.416
0.406455,-0.790983,1.417
0.412123,-0.794435,1.423
0.416656,-0.795656,1.425
0.422383,-0.799113,1.431
0.42457,-0.795871,1.425
0.429433,-0.797657,1.428
0.43401,-0.798887,1.43
0.443502,-0.809059,1.448
0.451241,-0.815883,1.46
0.210564,-0.849128,1.52
0.211607,-0.836874,1.498
0.213538,-0.828531,1.483
0.215975,-0.822423,1.472
0.218353,-0.816315,1.461
0.220975,-0.811326,1.452
0.224943,-0.811366,1.452
0.228282,-0.809171,1.448
0.23224,-0.809213,1.448
0.234242,-0.802549,1.436
0.23734,-0.799797,1.431
0.2394,-0.793693,1.42
0.243285,-0.793738,1.42
0.247692,-0.795461,1.423
0.252294,-0.797744,1.427
0.2562,-0.797792,1.427
0.259379,-0.795605,1.423
0.263461,-0.796214,1.424
0.267924,-0.797943,1.427
0.272787,-0.800791,1.432
0.277677,-0.803641,1.437
0.28338,-0.80873,1.446
0.289928,-0.816058,1.459
0.297555,-0.826184,1.477
0.304057,-0.832958,1.489
0.359803,-0.849469,1.517
0.362781,-0.84675,1.512
0.365247,-0.84291,1.505
0.368167,-0.840192,1.5
0.370565,-0.836355,1.493
0.372926,-0.832518,1.486
0.374488,-0.827002,1.476
0.376253,-0.822046,1.467
0.378748,-0.818772,1.461
0.381474,-0.816059,1.456
0.385232,-0.81559,1.455
0.387917,-0.812879,1.45
0.390846,-0.810731,1.446
0.393754,-0.808584,1.442
0.395815,-0.804755,1.435
0.397003,-0.799245,1.425
0.399263,-0.795978,1.419
0.405185,-0.800006,1.426
0.409714,-0.801232,1.428
0.415414,-0.804704,1.434
0.41998,-0.805934,1.436
0.423378,-0.804921,1.434
0.426171,-0.802787,1.43
0.430448,-0.803461,1.431
0.437768,-0.809753,1.442
0.44699,-0.819419,1.459
0.454764,-0.826281,1.471
0.206857,-0.855066,1.523
0.209492,-0.848927,1.512
0.21122,-0.83942,1.495
0.213144,-0.831035,1.48
0.215573,-0.824897,1.469
0.218093,-0.819321,1.459
0.221472,-0.817115,1.455
0.225294,-0.816594,1.454
0.228481,-0.813828,1.449
0.23116,-0.809377,1.441
0.233796,-0.804927,1.433
0.238379,-0.807218,1.437
0.241299,-0.803893,1.431
0.244873,-0.802816,1.429
0.248262,-0.801178,1.426
0.252165,-0.801226,1.426
0.255711,-0.800151,1.424
0.259793,-0.800764,1.425
0.264437,-0.803063,1.429
0.269479,-0.806488,1.435
0.274365,-0.809352,1.44
0.280052,-0.814466,1.449
0.286181,-0.820706,1.46
0.292968,-0.828635,1.474
0.300235,-0.837691,1.49
0.308204,-0.848436,1.509
0.360595,-0.855492,1.52
0.363102,-0.851634,1.513
0.36533,-0.847214,1.505
0.368742,-0.845609,1.502
0.371147,-0.841754,1.495
0.37251,-0.835647,1.484
0.374829,-0.831793,1.477
0.377625,-0.829066,1.472
0.380653,-0.826904,1.468
0.382613,-0.822489,1.46
0.385325,-0.819765,1.455
0.388279,-0.817606,1.451
0.391212,-0.815448,1.447
0.396036,-0.817237,1.45
0.399224,-0.815646,1.447
0.402119,-0.813492,1.443
0.403304,-0.807957,1.433
0.408415,-0.810316,1.437
0.413263,-0.812114,1.44
0.419289,-0.816171,1.447
0.422137,-0.814025,1.443
0.425557,-0.813009,1.441
0.428073,-0.810302,1.436
0.435076,-0.816062,1.446
0.441834,-0.82126,1.455
0.447112,-0.82364,1.459
0.453342,-0.827716,1.466
0.204449,-0.849214,1.505
0.209253,-0.852073,1.51
0.211682,-0.84534,1.498
0.214335,-0.839736,1.488
0.2162,-0.83131,1.473
0.218881,-0.826271,1.464
0.222274,-0.824055,1.46
0.226266,-0.824097,1.46
0.229312,-0.820754,1.454
0.231845,-0.815717,1.445
0.234493,-0.811246,1.437
0.239089,-0.81355,1.441
0.242695,-0.812467,1.439
0.246462,-0.81195,1.438
0.249355,-0.808611,1.432
0.253099,-0.808096,1.431
0.256839,-0.807582,1.43
0.261121,-0.808763,1.432
0.266341,-0.81277,1.439
0.27066,-0.813954,1.441
0.276135,-0.818529,1.449
0.281848,-0.82367,1.458
0.289768,-0.835029,1.478
0.296606,-0.843,1.492
0.305135,-0.855493,1.514
0.362101,-0.863234,1.526
0.362946,-0.855398,1.512
0.366143,-0.85322,1.508
0.370056,-0.852741,1.507
0.372227,-0.848302,1.499
0.372849,-0.840468,1.485
0.37568,-0.837728,1.48
0.378999,-0.836121,1.477
0.381783,-0.833383,1.472
0.383755,-0.828948,1.464
0.385685,-0.824514,1.456
0.388107,-0.821212,1.45
0.391851,-0.820744,1.449
0.396683,-0.822544,1.452
0.402085,-0.825478,1.457
0.405009,-0.823316,1.453
0.406786,-0.818888,1.445
0.41108,-0.819562,1.446
0.416242,-0.821939,1.45
0.421718,-0.824885,1.455
0.424298,-0.822164,1.45
0.427444,-0.820578,1.447
0.432363,-0.822396,1.45
0.438807,-0.827054,1.458
0.442563,-0.826609,1.457
0.445397,-0.824463,1.453
0.205437,-0.857442,1.512
0.209846,-0.858616,1.514
0.211863,-0.850148,1.499
0.214087,-0.842815,1.486
0.215213,-0.831513,1.466
0.218922,-0.83042,1.464
0.222012,-0.827059,1.458
0.225999,-0.827102,1.458
0.228883,-0.823175,1.451
0.232211,-0.820951,1.447
0.234702,-0.81589,1.438
0.238804,-0.816505,1.439
0.242237,-0.81485,1.436
0.246683,-0.816601,1.439
0.249927,-0.814381,1.435
0.253858,-0.814432,1.435
0.257789,-0.814485,1.435
0.263181,-0.819079,1.443
0.268247,-0.82254,1.449
0.272783,-0.824299,1.452
0.278099,-0.828331,1.459
0.285194,-0.837474,1.475
0.292575,-0.847188,1.492
0.299851,-0.856336,1.508
0.307014,-0.86492,1.523
0.364712,-0.863712,1.519
0.367687,-0.860957,1.514
0.370145,-0.857065,1.507
0.371572,-0.850898,1.496
0.373191,-0.845301,1.486
0.376788,-0.844255,1.484
0.380632,-0.84378,1.483
0.382397,-0.838755,1.474
0.384376,-0.834298,1.466
0.385782,-0.828705,1.456
0.387938,-0.824819,1.449
0.391139,-0.823212,1.446
0.395692,-0.824452,1.448
0.401086,-0.827403,1.453
0.405394,-0.828079,1.454
0.408865,-0.827048,1.452
0.41318,-0.827728,1.453
0.416928,-0.82727,1.452
0.422122,-0.829663,1.456
0.424999,-0.8275,1.452
0.43022,-0.829897,1.456
0.435764,-0.832868,1.461
0.440735,-0.834701,1.464
0.442991,-0.831405,1.458
0.446136,-0.829821,1.455
0.21044,-0.865187,1.518
0.211762,-0.853828,1.498
0.213408,-0.844179,1.481
0.215842,-0.837951,1.47
0.219264,-0.835714,1.466
0.222207,-0.831767,1.459
0.225113,-0.82782,1.452
0.228929,-0.827295,1.451
0.232899,-0.827341,1.451
0.236218,-0.825108,1.447
0.239515,-0.822875,1.443
0.243129,-0.821784,1.441
0.247933,-0.824686,1.446
0.252243,-0.825878,1.448
0.255856,-0.82479,1.446
0.259819,-0.824844,1.446
0.264512,-0.827181,1.45
0.269599,-0.830661,1.456
0.274344,-0.833001,1.46
0.279683,-0.837054,1.467
0.286609,-0.845674,1.482
0.293422,-0.853726,1.496
0.299518,-0.859498,1.506
0.305871,-0.865843,1.517
0.368505,-0.86702,1.517
0.369498,-0.85968,1.504
0.37216,-0.856342,1.498
0.374288,-0.851862,1.49
0.378406,-0.851956,1.49
0.380984,-0.848621,1.484
0.383012,-0.844144,1.476
0.384474,-0.838523,1.466
0.386411,-0.834047,1.458
0.388574,-0.830143,1.451
0.392594,-0.830246,1.451
0.395249,-0.827489,1.446
0.400088,-0.829312,1.449
0.404108,-0.82942,1.449
0.409257,-0.83182,1.453
0.413576,-0.832505,1.454
0.417329,-0.832047,1.453
0.421079,-0.83159,1.452
0.424825,-0.831136,1.451
0.429158,-0.831829,1.452
0.432903,-0.831378,1.451
0.436645,-0.83093,1.45
0.440991,-0.831629,1.451
0.448412,-0.838063,1.462
0.815532,-0.74492,1.235
0.21138,-0.856363,1.495
0.213162,-0.84724,1.479
0.216032,-0.8427,1.471
0.219457,-0.840452,1.467
0.221947,-0.834767,1.457
0.224849,-0.830802,1.45
0.228501,-0.829702,1.448
0.233268,-0.832615,1.453
0.236919,-0.831517,1.451
0.240229,-0.829275,1.447
0.243517,-0.827033,1.443
0.247642,-0.827658,1.444
0.252296,-0.830003,1.448
0.256441,-0.830631,1.449
0.260952,-0.832406,1.452
0.265299,-0.833609,1.454
0.270027,-0.83596,1.458
0.275531,-0.840607,1.466
0.28146,-0.846402,1.476
0.288026,-0.85392,1.489
0.293291,-0.857426,1.495
0.299186,-0.862654,1.504
0.304931,-0.867311,1.512
0.369836,-0.864583,1.505
0.37126,-0.858357,1.494
0.374132,-0.855579,1.489
0.37774,-0.854526,1.487
0.381082,-0.8529,1.484
0.38415,-0.850701,1.48
0.386672,-0.847353,1.474
0.389164,-0.844006,1.468
0.389749,-0.836635,1.455
0.392428,-0.833865,1.45
0.394809,-0.830521,1.444
0.39992,-0.83293,1.448
0.403939,-0.83304,1.448
0.409087,-0.835454,1.452
0.413406,-0.836144,1.453
0.416584,-0.834534,1.45
0.420907,-0.835228,1.451
0.425238,-0.835924,1.452
0.429872,-0.837199,1.454
0.431834,-0.833292,1.447
0.435567,-0.832843,1.446
0.441424,-0.836428,1.452
0.452226,-0.849235,1.474
0.210573,-0.857159,1.489
0.21234,-0.847991,1.473
0.216957,-0.850338,1.477
0.22025,-0.847505,1.472
0.223059,-0.842945,1.464
0.225205,-0.836082,1.452
0.228549,-0.833826,1.448
0.233317,-0.836754,1.453
0.237622,-0.837956,1.455
0.24111,-0.836279,1.452
0.245257,-0.836907,1.453
0.24941,-0.837536,1.454
0.254441,-0.841047,1.46
0.25809,-0.839951,1.458
0.262267,-0.840584,1.459
0.266817,-0.842371,1.462
0.271569,-0.844735,1.466
0.277847,-0.851711,1.478
0.282667,-0.85408,1.482
0.28809,-0.858178,1.489
0.292768,-0.859974,1.492
0.299453,-0.867535,1.505
0.369193,-0.867188,1.502
0.372101,-0.864397,1.497
0.373726,-0.85872,1.487
0.377584,-0.858241,1.486
0.380668,-0.856031,1.482
0.384771,-0.856133,1.482
0.388087,-0.854503,1.479
0.390064,-0.849986,1.471
0.391194,-0.843735,1.46
0.393618,-0.840375,1.454
0.396558,-0.838172,1.45
0.401135,-0.839439,1.452
0.40433,-0.837817,1.449
0.40892,-0.839089,1.451
0.413523,-0.840362,1.453
0.416702,-0.838746,1.45
0.421028,-0.839445,1.451
0.424775,-0.83899,1.45
0.429406,-0.840272,1.452
0.431364,-0.836348,1.445
0.435997,-0.837635,1.447
0.44186,-0.84124,1.453
0.452976,-0.854693,1.476
0.211466,-0.86487,1.495
0.214114,-0.859129,1.485
0.217443,-0.856281,1.48
0.220296,-0.851699,1.472
0.222802,-0.84596,1.462
0.225253,-0.840221,1.452
0.229071,-0.839692,1.451
0.233688,-0.842056,1.455
0.23751,-0.841529,1.454
0.241328,-0.841002,1.453
0.244635,-0.83874,1.449
0.249465,-0.841689,1.454
0.254148,-0.844061,1.458
0.259386,-0.84817,1.465
0.263944,-0.849966,1.468
0.268337,-0.851184,1.47
0.273483,-0.85472,1.476
0.279603,-0.861153,1.487
0.284639,-0.864114,1.492
0.287963,-0.861864,1.488
0.293621,-0.866565,1.496
0.299125,-0.87069,1.503
0.365381,-0.872009,1.503
0.368551,-0.869784,1.499
0.371701,-0.867561,1.495
0.374579,-0.864758,1.49
0.37743,-0.861957,1.485
0.381027,-0.860898,1.483
0.384095,-0.85868,1.479
0.387143,-0.856463,1.475
0.389375,-0.852505,1.468
0.391301,-0.847967,1.46
0.39481,-0.846915,1.458
0.399678,-0.84877,1.461
0.403183,-0.847722,1.459
0.405562,-0.844351,1.453
0.408755,-0.842725,1.45
0.413927,-0.845169,1.454
0.418261,-0.845872,1.455
0.422312,-0.845996,1.455
0.426365,-0.846122,1.455
0.430125,-0.845668,1.454
0.434181,-0.845798,1.454
0.439142,-0.847676,1.457
0.446253,-0.85363,1.467
0.801765,-0.749405,1.224
0.819283,-0.755785,1.231
0.215602,-0.869178,1.495
0.218665,-0.865155,1.488
0.220792,-0.857644,1.475
0.223002,-0.850715,1.463
0.225922,-0.846693,1.456
0.229753,-0.846162,1.455
0.23406,-0.847376,1.457
0.237889,-0.846847,1.456
0.241548,-0.845738,1.454
0.24604,-0.847537,1.457
0.250893,-0.850502,1.462
0.255775,-0.853469,1.467
0.260153,-0.854691,1.469
0.265263,-0.858243,1.475
0.269494,-0.858886,1.476
0.274658,-0.862441,1.482
0.280232,-0.867162,1.49
0.28566,-0.871302,1.497
0.289385,-0.870206,1.495
0.293298,-0.869694,1.494
0.359882,-0.872758,1.497
0.362803,-0.869939,1.492
0.366928,-0.870037,1.492
0.3718,-0.871886,1.495
0.374428,-0.868488,1.489
0.377787,-0.866841,1.486
0.381645,-0.866362,1.485
0.38498,-0.864718,1.482
0.388826,-0.864242,1.481
0.39081,-0.859683,1.473
0.393824,-0.85746,1.469
0.39736,-0.856405,1.467
0.401981,-0.857688,1.469
0.405234,-0.856053,1.466
0.406796,-0.850915,1.457
0.409439,-0.848115,1.452
0.414903,-0.851158,1.457
0.420973,-0.855372,1.464
0.424761,-0.854915,1.463
0.427373,-0.852121,1.458
0.42996,-0.84933,1.453
0.435807,-0.85297,1.459
0.441388,-0.856029,1.464
0.448521,-0.862016,1.474
0.80507,-0.756044,1.228
0.814636,-0.76167,1.236
0.813012,-0.756829,1.227
0.81534,-0.755694,1.224
0.813646,-0.750858,1.215
0.829075,-0.758524,1.225
0.217684,-0.865317,1.481
0.219344,-0.856016,1.465
0.222441,-0.85256,1.459
0.225817,-0.850272,1.455
0.23012,-0.851493,1.457
0.234113,-0.851545,1.457
0.23876,-0.853937,1.461
0.243098,-0.855161,1.463
0.246772,-0.854048,1.461
0.251123,-0.855275,1.463
0.254787,-0.854165,1.461
0.260037,-0.858318,1.468
0.265685,-0.863642,1.477
0.270835,-0.867214,1.483
0.275649,-0.869618,1.487
0.281051,-0.873779,1.494
0.359016,-0.874746,1.493
0.361685,-0.871329,1.487
0.366781,-0.873772,1.491
0.371405,-0.875046,1.493
0.379418,-0.874669,1.492
0.383037,-0.873603,1.49
0.385608,-0.870194,1.484
0.389724,-0.870305,1.484
0.392779,-0.868071,1.48
0.39501,-0.864079,1.473
0.397475,-0.860674,1.467
0.401277,-0.860205,1.466
0.404523,-0.858563,1.463
0.406637,-0.854576,1.456
0.409561,-0.85235,1.452
0.414458,-0.854236,1.455
0.4211,-0.859647,1.464
0.42518,-0.859777,1.464
0.428384,-0.858146,1.461
0.431277,-0.85593,1.457
0.437138,-0.859591,1.463
0.442431,-0.86208,1.467
0.450794,-0.87045,1.481
0.809703,-0.763964,1.234
0.820624,-0.77087,1.244
0.815398,-0.759296,1.223
0.811697,-0.752575,1.211
0.819673,-0.753443,1.21
0.215552,-0.877138,1.494
0.216998,-0.866619,1.476
0.219842,-0.861971,1.468
0.223407,-0.86026,1.465
0.227111,-0.859138,1.463
0.23112,-0.85919,1.463
0.235774,-0.861594,1.467
0.241104,-0.866348,1.475
0.24465,-0.864643,1.472
0.248181,-0.862939,1.469
0.251868,-0.861823,1.467
0.256418,-0.863646,1.47
0.260807,-0.864883,1.472
0.266828,-0.87141,1.483
0.271449,-0.873238,1.486
0.390624,-0.876392,1.487
0.393955,-0.874738,1.484
0.395662,-0.869549,1.475
0.398677,-0.867309,1.471
0.401671,-0.86507,1.467
0.405751,-0.865192,1.467
0.407877,-0.861187,1.46
0.41166,-0.860722,1.459
0.415439,-0.860259,1.458
0.420366,-0.862159,1.461
0.425022,-0.863472,1.463
0.428811,-0.863016,1.462
0.434077,-0.865514,1.466
0.437575,-0.864472,1.464
0.441969,-0.865204,1.465
0.805441,-0.766875,1.233
0.813039,-0.770696,1.238
0.832575,-0.78575,1.261
0.821757,-0.772152,1.238
0.818136,-0.765405,1.226
0.814449,-0.758654,1.214
0.817439,-0.758156,1.212
0.817045,-0.754535,1.205
0.823436,-0.757186,1.208
0.217783,-0.873799,1.481
0.220492,-0.86854,1.472
0.223611,-0.865052,1.466
0.228095,-0.866875,1.469
0.231965,-0.866339,1.468
0.236633,-0.868755,1.472
0.241488,-0.871764,1.477
0.245706,-0.872412,1.478
0.249086,-0.870111,1.474
0.252616,-0.868401,1.471
0.256828,-0.869053,1.472
0.262111,-0.873249,1.479
0.266533,-0.874496,1.481
0.388375,-0.875397,1.478
0.391417,-0.873144,1.474
0.393098,-0.86793,1.465
0.396899,-0.867458,1.464
0.400149,-0.865802,1.461
0.405321,-0.868296,1.465
0.409959,-0.869608,1.467
0.414328,-0.870329,1.468
0.417279,-0.868088,1.464
0.419923,-0.865255,1.459
0.423413,-0.864203,1.457
0.430415,-0.870272,1.467
0.436586,-0.874565,1.474
0.441305,-0.875894,1.476
0.445735,-0.876633,1.477
0.81902,-0.779976,1.246
0.816522,-0.770801,1.229
0.817549,-0.768412,1.224
0.813858,-0.76163,1.212
0.823923,-0.764426,1.214
0.824219,-0.761431,1.208
0.222193,-0.879288,1.483
0.224732,-0.873413,1.473
0.228926,-0.87406,1.474
0.233917,-0.877674,1.48
0.237655,-0.876545,1.478
0.241873,-0.877197,1.479
0.245932,-0.877257,1.479
0.250161,-0.877911,1.48
0.253193,-0.874415,1.474
0.257939,-0.876851,1.478
0.262531,-0.878697,1.481
0.387966,-0.878523,1.476
0.39127,-0.876856,1.473
0.392412,-0.870428,1.462
0.396479,-0.87055,1.462
0.400273,-0.870078,1.461
0.406831,-0.875565,1.47
0.412044,-0.878077,1.474
0.423224,-0.876095,1.47
0.425003,-0.871464,1.462
0.431142,-0.875777,1.469
0.792788,-0.765236,1.218
0.811952,-0.770035,1.221
0.813627,-0.768266,1.217
0.805211,-0.757025,1.198
0.819651,-0.767278,1.213
0.821992,-0.766165,1.21
0.818184,-0.759354,1.198
0.224634,-0.877055,1.472
0.229603,-0.880685,1.478
0.237874,-0.881397,1.479
0.241443,-0.879669,1.476
0.244995,-0.877942,1.473
0.249885,-0.880985,1.478
0.393071,-0.875907,1.464
0.396331,-0.874237,1.461
0.400673,-0.874962,1.462
0.405853,-0.877485,1.466
0.427469,-0.88056,1.47
0.783409,-0.763061,1.209
0.799362,-0.775137,1.227
0.807599,-0.779657,1.233
0.799435,-0.768372,1.214
0.801084,-0.766579,1.21
0.806718,-0.768596,1.212
0.807031,-0.76555,1.206
0.807993,-0.763142,1.201
0.813674,-0.765192,1.203
0.816668,-0.764709,1.201
0.815566,-0.760412,1.193
0.224843,-0.881895,1.473
0.244559,-0.880397,1.47
0.249442,-0.883456,1.475
0.393465,-0.880805,1.465
0.397544,-0.880932,1.465
0.402173,-0.882265,1.467
0.406538,-0.882998,1.468
0.810705,-0.793269,1.25
0.805957,-0.785116,1.236
0.800473,-0.776322,1.221
0.80413,-0.77643,1.22
0.809123,-0.777822,1.221
0.81281,-0.777952,1.22
0.814499,-0.776177,1.216
0.814832,-0.773131,1.21
0.817172,-0.772007,1.207
0.816108,-0.76769,1.199
0.817058,-0.765297,1.194
0.823496,-0.768043,1.197
0.824443,-0.765666,1.192
0.82607,-0.763938,1.188
0.828388,-0.76286,1.185
0.224594,-0.884943,1.471
0.244456,-0.884045,1.469
0.248154,-0.882907,1.467
0.832217,-0.818037,1.282
0.809963,-0.792621,1.241
0.799906,-0.779313,1.219
0.806204,-0.781987,1.222
0.818513,-0.790442,1.234
0.816922,-0.785458,1.225
0.815956,-0.781116,1.217
0.816975,-0.778703,1.212
0.8112,-0.769864,1.197
0.811469,-0.766811,1.191
0.817193,-0.768919,1.193
0.825708,-0.773622,1.199
0.829441,-0.773824,1.198
0.8311,-0.772098,1.194
0.832751,-0.770379,1.19
0.197941,-0.860516,1.424
0.217916,-0.878258,1.453
0.243023,-0.882857,1.46
0.244329,-0.873248,1.444
0.248298,-0.873314,1.444
0.419469,-0.884326,1.455
0.836236,-0.825724,1.287
0.826398,-0.81238,1.265
0.847255,-0.825539,1.283
0.832579,-0.807679,1.254
0.824809,-0.79318,1.229
0.816654,-0.771903,1.191
0.845169,-0.795454,1.226
0.822678,-0.771003,1.187
0.822912,-0.767966,1.181
0.842037,-0.78251,1.202
0.863685,-0.782878,1.194
